id,nom,type,siren,ville,telephone,email,role_cible,canal_1,hook_fr,flag_opposition,statut,date_contact,objection,prochaine_action,date_action,source,verifie_le,contact_nomme,contact_role,contact_source,contact_verifie_le
1,GROUPE T2F (T2F-BEA),cabinet expertise comptable,non_verifie,Toulouse,05 61 54 39 60,contact@groupe-t2f.eu,associe / resp. production,mail_puis_tel,Vous vendez un diagnostic facture electronique : qui execute le nettoyage des referentiels clients quand 300 dossiers arrivent en meme temps ?,a_verifier,a_contacter,,,,,groupe-t2f.eu | base: FR_EINVOICING_TARGETS_2026-09-21.csv,2026-09-21,Thibault Faure,"Expert-comptable associe, gerant T2F-DEBAT (SIREN 912177664), dirige l'equipe tech/startups",groupe-t2f.eu/land-t2f (2026-10-02) + societe.com fiche 912177664,2026-10-04
2,ARCOEX (AR COMPTA EXPERT),cabinet expertise comptable,753097047,Quint-Fonsegrives,05 61 63 73 07,contact@arcoex.fr,associe,tel_puis_mail,Votre page sur la facturation electronique est claire : qui verifie les SIREN de vos 300 dossiers avant septembre 2027 ?,non (Pappers 23-09),a_contacter,,,,,recherche-entreprises.api.gouv.fr + arcoex.fr | base: FR_EINVOICING_TARGETS_2026-09-21.csv,2026-09-21,Mickael Amblard (1er destinataire) ; Benoit Rader (Associé DG),Amblard: President AR COMPTA EXPERT (manageo) ; Rader: Associe DG (LinkedIn officiel ARCOEX),manageo.fr/entreprises/753097047 + fr.linkedin.com/company/arcoex,2026-10-04
3,Cabinet Archipel,cabinet expertise comptable 100% Pennylane,non_verifie,Lyon,04 23 32 40 36,contact@archipel-lyon.fr,Gaël Gente (associe),mail,"Vous etes 100% Pennylane : Pennylane donne l'outil, il ne verifie pas les SIREN de vos clients.",a_verifier,a_contacter,,,,,archipel-lyon.fr | base: FR_EINVOICING_TARGETS_2026-09-21.csv,2026-09-21,Gael Gente,associe,archipel-lyon.fr (deja dans V1),2026-09-21
4,Cabinet Finot & Associés,cabinet expertise comptable,non_verifie,Brignais,04 84 88 52 52,contact@finotassocies.fr,associe fondateur,mail,"Votre article s'arrete au choix du logiciel. Le fichier clients, lui, reste a nettoyer.",a_verifier,a_contacter,,,,,finotassocies.fr | base: FR_EINVOICING_TARGETS_2026-09-21.csv,2026-09-21,Gerald Finot,Gerant fondateur (cabinet cree 2010),36comptables.com/annuaire/cabinet-finot-et-associes + finotassocies.fr (biographie) ; mel professionnel: g.finot@cabinetfinot.fr,2026-10-04
5,RYDGE Conseil,reseau expertise comptable,903309490,Montpellier,04 67 99 14 00,page_contact_site,resp. agence Montpellier / resp. production,tel_puis_linkedin,La facturation electronique est dans votre catalogue : qui fiabilise les referentiels en pleine campagne fiscale ?,a_verifier,a_contacter,,,,,recherche-entreprises.api.gouv.fr + rydge.fr | base: FR_EINVOICING_TARGETS_2026-09-21.csv,2026-09-21,Cedric Lafond,"Expert-comptable, contact agence Montpellier (Parc Eureka, 251 rue Euclide)",cluballiancepro34.fr/rydge-conseil-montpellier-c463.html + entreprendre-montpellier.com (2025-06-12),2026-10-04
6,JF Occitanie (Cabinet Richer),cabinet expertise comptable,329912554,Nimes,04 66 23 56 60,contact@jfoccitanie.fr,associe / chef de mission,mail,"Trois sites, quarante ans de dossiers : qui controle les SIREN et les contacts de facturation avant l'emission obligatoire ?",a_verifier,a_contacter,,,,,jfoccitanie.fr + annuaire | base: FR_EINVOICING_TARGETS_2026-09-21.csv,2026-09-21,Franck de David-Beauregard (1er destinataire) ; Justine Galmes,"Co-gerants, experts-comptables associes (Patrick Richer n'est plus gerant)",jfoccitanie.fr/qui-sommes-nous (2025-02-25) + rubypayeur.com/societe/cabinet-richer-329912554,2026-10-04
7,Balagué Expertise,cabinet expertise comptable,501058812,Castelginest,05 61 37 66 45,philippe-balague@balague-expertise.fr,Philippe Balague (gerant),tel,"Vous avez deja une page test facture electronique : le test qui compte, c'est le taux d'erreur de votre base clients.",non (Pappers 22-09),MAIL_ENVOYE,2026-09-22,,relance_telephonique,2026-09-24,balague-expertise.fr | base: FR_EINVOICING_TARGETS_2026-09-21.csv,2026-09-21,Philippe Balague,Gerant depuis 28/04/2017,balague-expertise.fr + Pappers (deja dans V1) ; kit dedie: outreach/BALAGUE_FIRST_CLIENT_KIT_2026-09-22.md,2026-09-22
8,Exco Fiduciaire du Sud-Ouest (Exco Toulouse-Feuillants),groupe regional expertise comptable,540800406,Toulouse,05 61 77 08 77,contact@exco.fr,membre du directoire / resp. production,mail_puis_linkedin,Votre groupe accompagne des milliers de PME : la fiabilisation des referentiels est-elle faite en interne ou sous-traitee ?,a_verifier,a_contacter,,,,,exco.fr + infonet | base: FR_EINVOICING_TARGETS_2026-09-21.csv,2026-09-21,Philippe Lafargue (president groupe) ; David Brettes,"Lafargue: president du groupe Exco FSO ; Brettes: associe dirigeant, membre du directoire","exco.fr/en/groupes/groupe-exco-fiduciaire-du-sud-ouest/ + vie-economique.com (2026-01-07, 2020-05-06)",2026-10-04
9,In Extenso Midi-Pyrénées,reseau national TPE,493489413,Toulouse,05 61 11 05 55,page_contact_site,Frédéric Fenech (directeur d'agence),tel_puis_linkedin,"Deux associes, une clientele TPE : la preparation des fichiers clients pour la plateforme agreee, qui la fait ?",a_verifier,a_contacter,,,,,annuaire.experts-comptables.org + inextenso.fr | base: FR_EINVOICING_TARGETS_2026-09-21.csv,2026-09-21,Frederic Fenech,directeur d'agence,annuaire.experts-comptables.org (deja dans V1),2026-09-21
10,Groupe CF (Compagnie Fiduciaire) Toulouse,reseau 4 agences,non_verifie,Toulouse,05 40 45 30 10,page_contact_site,Yann Benchora / Bertrand Enjalbert,mail,"Quatre agences, des dossiers repris d'autres cabinets : qui collecte et verifie les identifiants de routage ?",a_verifier,a_contacter,,,,,compagnie-fiduciaire.com | base: FR_EINVOICING_TARGETS_2026-09-21.csv,2026-09-21,Yann Benchora / Bertrand Enjalbert,direction groupe CF,compagnie-fiduciaire.com (deja dans V1),2026-09-21
11,Nexco Expertise,cabinet digital Pennylane Gold,894279652,Paris 8e,01 59 13 35 79,contact@nexco.fr,Raphaël Berguig,mail,250 entreprises sur Pennylane et des migrations Sage/Cegid : qui fiabilise les SIREN a la migration ?,a_verifier,a_contacter,,,,,nexco-expertise.com | base: FR_EINVOICING_TARGETS_2026-09-21.csv,2026-09-21,Raphael Berguig (1er destinataire) ; Alexandre Ohayon,"Berguig: expert-comptable associe fondateur, responsabilite technique, Pennylane Partner ; Ohayon: associe",nexco-expertise.com (pages mises a jour 2026-05/06),2026-10-04
12,Effinum (SPEE SAS),plateforme agreee (PA),non_verifie,Paris 15e,02 41 33 66 61 (support),contact@effinum.fr,resp. onboarding / partenariats,mail_puis_call,Le goulot n'est pas la plateforme : c'est la qualite des referentiels qui y entrent.,a_verifier,a_contacter,,,,,effinum.fr + comparateur PA | base: FR_EINVOICING_TARGETS_2026-09-21.csv,2026-09-21,a_trouver,,,
13,Pennylane,plateforme agreee + editeur,non_verifie,Paris,01 73 02 46 41 (support),formulaire_partenariat,equipe partenariats / ecosysteme cabinets,formulaire,Des milliers de factures Factur-X/mois : combien echouent pour un referentiel client incomplet ?,a_verifier,a_contacter,,,,,pennylane.com/fr/partenaires | base: FR_EINVOICING_TARGETS_2026-09-21.csv,2026-09-21,a_trouver,,,
14,Tiime,plateforme agreee / editeur,823811278_a_confirmer,Paris 9e,01 86 65 10 43,contact@tiime.fr,equipe experts-comptables,formulaire_contact_ec,Le taux de SIREN invalides a l'entree est un cout de support : je le reduis en amont.,a_verifier,a_contacter,,,,,tiime.fr/contact-ec | base: FR_EINVOICING_TARGETS_2026-09-21.csv,2026-09-21,a_trouver,,,
15,Dext France,editeur / saisie de donnees,non_verifie,Paris,01 73 44 33 95,page_contact_site,partenariats cabinets,formulaire,Vos cabinets partenaires vous envoient des donnees clients non fiabilisees : transformons cela en offre.,a_verifier,a_contacter,,,,,dext.com | base: FR_EINVOICING_TARGETS_2026-09-21.csv,2026-09-21,a_trouver,,,
16,Cegid (Shine / experts-comptables),editeur logiciels,410218010,Lyon 9e,0800 73 00 79,page_contact_site,direction partenariats cabinets,tel_commercial,Votre base cabinets transitionne vers la facture electronique : je prends l'etape referentiel.,a_verifier,a_contacter,,,,,cegid.com/fr/contact | base: FR_EINVOICING_TARGETS_2026-09-21.csv,2026-09-21,a_trouver,,,
17,Cerfrance Drôme-Ardèche (DP),reseau AGC,non_verifie,Drôme/Ardèche,04 75 78 11 11,contact@dp.cerfrance.fr,service digitalisation,mail,Vous deployez Effinum : qui nettoie le referentiel qui produit la facture ?,a_verifier,a_contacter,,,,,cerfrance-dp.fr | base: FR_EINVOICING_TARGETS_2026-09-21.csv,2026-09-21,Coralie Van Moerkercke / Madison Andre,Referente digital / comptable process et digitalisation (Cerfrance Ardeche ; rattachement a l'entite Drôme-Ardenche (DP) A VERIFIER avant usage),ardeche.cerfrance.fr/pages/ (articles 2026),2026-10-04
18,Cerfrance Adour Océan,reseau AGC,non_verifie,Sud-Ouest,+33 5 58 05 82 00,page_contact_site,service digitalisation,tel,Vos formations facture electronique ont un public pret : la preparation des donnees reste a faire.,a_verifier,a_contacter,,,,,cerfrance-adourocean.fr | base: FR_EINVOICING_TARGETS_2026-09-21.csv,2026-09-21,a_trouver,,,
19,Cerfrance Provence-Alpes-Méditerranée,reseau AGC,non_verifie,PACA,04 94 12 54 12,page_contact_site,service digitalisation,tel,Vos reunions d'information ont identifie les clients : qui fiabilise leurs donnees ?,a_verifier,a_contacter,,,,,provence-alpes-mediterranee.cerfrance.fr | base: FR_EINVOICING_TARGETS_2026-09-21.csv,2026-09-21,a_trouver,,,
20,Cerfrance Dordogne + CEDO,reseau AGC + filiale numerique,non_verifie,Dordogne,05 53 45 63 00,contact@cerfrance-dordogne.fr,service digitalisation (CEDO),mail,CEDO accompagne la conformite numerique : je peux etre la capacite d'execution sur les donnees.,a_verifier,a_contacter,,,,,cerfrancedordogne.fr | base: FR_EINVOICING_TARGETS_2026-09-21.csv,2026-09-21,a_trouver,,,
21,CROEC Occitanie,institution professionnelle,892077629,Toulouse,05 61 14 71 60,cro@oec-occitanie.org,president / commission numerique,mail,Proposition de 20 minutes en atelier : fiabiliser les referentiels avant la PA.,non_applicable,a_contacter,,,,,oec-occitanie.org + occitanie.cci.fr | base: FR_EINVOICING_TARGETS_2026-09-21.csv,2026-09-21,a_trouver,,,
22,CROEC Auvergne-Rhône-Alpes,institution professionnelle,non_verifie,Lyon,04 72 60 26 26,vmr@oecaura.fr,Damien Cartel (president) / commission numerique,mail,Meme proposition d'atelier operationnel.,non_applicable,a_contacter,,,,,experts-comptables.fr | base: FR_EINVOICING_TARGETS_2026-09-21.csv,2026-09-21,Damien Cartel,president CROEC AURA,experts-comptables.fr (deja dans V1),2026-09-21
23,CCI Occitanie,institution consulaire,non_verifie,Blagnac,05 62 74 20 00,contact.site@occitanie.cci.fr,conseillers entreprises,mail,Atelier pour vos conseillers : ce qui doit etre propre avant la plateforme agreee.,non_applicable,a_contacter,,,,,occitanie.cci.fr | base: FR_EINVOICING_TARGETS_2026-09-21.csv,2026-09-21,a_trouver,,,
24,CJEC / ANECS - La Bourse,plateforme de sous-traitance entre confreres,non_verifie,Paris,01 42 72 73 72,anecs-cjec@anecs-cjec.org,veille des offres,veille_hebdomadaire,Je ne poste pas (reserve aux adherents) : je reponds aux offres qui publient un contact.,non_applicable,a_surveiller,mardi hebdo,,,labourse.anecs-cjec.org,2026-09-21 | base: FR_EINVOICING_TARGETS_2026-09-21.csv,,a_trouver,,,
25,GI Life Sciences Toulouse,agence de recrutement (canal),non_verifie,Toulouse,05 34 45 03 41,page_contact_site,directeur d'agence,tel,"Vous avez staffe un ADV en interim pour la mise en conformite des donnees clients : si le client prefere la prestation au poste, je suis votre sous-traitant.",a_verifier,a_contacter,,,,,fr.gigroup.com + jobintree | base: FR_EINVOICING_TARGETS_2026-09-21.csv,2026-09-21,a_trouver,,,
26,I-Cube Research,PME (signal de recrutement ADV),non_verifie,Toulouse,non_verifie,page_contact_site,DAF / resp. ADV,formulaire,"Qui, chez vous, controle les SIREN et les contacts de facturation avant la plateforme agreee ?",a_verifier,a_contacter,,,,,offre Indeed (ADV) | base: FR_EINVOICING_TARGETS_2026-09-21.csv,2026-09-21,a_trouver,,,
27,EXAIL,PME/ETI (signal de recrutement ADV),non_verifie,Toulouse,non_verifie,page_contact_site,resp. ADV / DAF,mail,Vos offres ADV mentionnent facturation et impayes : la qualite du referentiel clients en est la cause racine.,a_verifier,a_contacter,,,,,offre Indeed | base: FR_EINVOICING_TARGETS_2026-09-21.csv,2026-09-21,a_trouver,,,
28,3000 Distribution,PME (signal de recrutement ADV),non_verifie,Toulouse,non_verifie,page_contact_site,dirigeant,formulaire,"Secretaire ADV : le poste absorbe la saisie ; la donnee, elle, reste fausse.",a_verifier,a_contacter,,,,,offre Indeed | base: FR_EINVOICING_TARGETS_2026-09-21.csv,2026-09-21,a_trouver,,,
29,expert-comptable-pennylane.fr,cabinet digital Pennylane Gold,non_verifie,Paris / a distance,09 73 03 73 08,formulaire_contact,associe,formulaire,"250 clients, 100% digital : la fiabilisation des referentiels est le prochain poste a industrialiser.",a_verifier,a_contacter,,,,,expert-comptable-pennylane.fr | base: FR_EINVOICING_TARGETS_2026-09-21.csv,2026-09-21,a_trouver,,,
30,Moncomptable en ligne,cabinet 100% a distance,non_verifie,Toulouse,non_verifie,page_contact_site,associe,formulaire,Vous prouvez que le cabinet a distance fonctionne : reste a fiabiliser les donnees a la meme distance.,a_verifier,a_contacter,,,,,annuaire specialise | base: FR_EINVOICING_TARGETS_2026-09-21.csv,2026-09-21,a_trouver,,,
X1,FQM Conseil,cabinet expertise comptable,933728727,Toulouse,05 32 00 21 78,hannae.abdou@fqm-conseil.fr,-,aucune,-,OUI,exclu,,,,,pappers.fr (flag prospection) | base: FR_EINVOICING_TARGETS_2026-09-21.csv,2026-09-21,a_trouver,,,
X2,FITECO (dont Toulouse et Lyon),reseau expertise comptable,557150067,Toulouse / Lyon,05 61 34 73 00,toulouse@fiteco.com,-,aucune,-,OUI,exclu,,,,,pappers.fr (flag prospection) | base: FR_EINVOICING_TARGETS_2026-09-21.csv,2026-09-21,a_trouver,,,
X3,Esker,plateforme agreee / editeur,331518498,Villeurbanne,04 72 83 46 46,info@esker.fr,-,aucune,-,OUI,exclu,,,,,pappers.fr (flag prospection) | base: FR_EINVOICING_TARGETS_2026-09-21.csv,2026-09-21,a_trouver,,,
X4,Yooz,plateforme agreee / editeur,808386148,Aimargues,01 73 60 96 69,contact@fr.getyooz.com,-,aucune,-,OUI,exclu,,,,,pappers.fr (flag prospection) | base: FR_EINVOICING_TARGETS_2026-09-21.csv,2026-09-21,a_trouver,,,
