id,opportunity,customer,country_market,problem,current_alternative,willingness_to_pay,expected_price_range,delivery_difficulty,time_to_first_revenue,technical_gap,sales_friction,competition,margin_potential,repeatability,scalability,dependencies,legal_compliance_constraints,evidence,unknowns,decision_2026_09_29
OPP-01,FR e-invoicing third-party reference-data cleansing,French accounting firms (5-50 staff); secondary PDP onboarding teams,France,"Client/supplier files with invalid or deregistered SIREN/SIRET/VAT and duplicates are rejected at routing; reception mandatory since 2026-09-01, SME emission 2027-09-01, EUR 50 fine per non-compliant invoice (cap EUR 15,000/yr)",In-house staff; French freelance admin assistant; doing nothing,FACT (published): admin assistant EUR 300-400/day (Plateya); e-invoicing job posts EUR 300-550/day (Free-Work),"PRICING HYPOTHESIS: EUR 290-390 first job; EUR 1,450 per 300 records; EUR 90-150/month delta watch",LOW: france tool fixed and tested (--online SIRENE lookup verified live 2026-09-28),HYPOTHESIS: 14-60 days (report scores 30-60 days),None blocking; radiée check needs network; no xlsx reader (client exports CSV),HIGH: unknown provider in Algeria; no references; 1 email ever sent; 13 of 27 global targets are generic mailboxes,French freelancers; PDP onboarding services; firms' own staff,HIGH: no COGS; Malt 10% then 5%,MEDIUM-HIGH: hundreds of client files per firm; 2027 emission wave; monthly delta watch,"CAPPED: owner hours; ANAE ceiling 5,000,000 DZD/yr (~EUR 32.4K, secondary sources)",ANAE registration; written bank answer on EUR inflow; Malt + Payoneer; DPA reviewed,GDPR (billing contacts are personal data); ordonnance 45-2138 accounting monopoly: no bookkeeping or tax acts,"تقرير-صيد-الفرص-المدفوعة.md §4 (legal deadlines, published prices); docs/commercial/FR_EINVOICING_TARGETS_2026-09-21.csv (34 targets); CONTACT_LEDGER.csv (1 email)",Reply rate to an Algeria-based sender; real error rate in live files; owner hours per 200 records,"PURSUE: the only active wedge · after D-300 (PR #2529): CONFIRMED by the owner as the single active thesis (FR + BE), delivered by hand first"
OPP-02,BE Peppol third-party data cleansing,Belgian fiduciaries and accounting firms,Belgium,"Peppol B2B mandatory since 2026-01-01; invalid BCE/VAT blocks routing; fines EUR 1,500-5,000",WinBooks/Exact partners; in-house staff,UNKNOWN: no Belgium-specific published price in repo,PRICING HYPOTHESIS: same ladder as OPP-01,LOW: belgium tool fixed (Nom_entreprise false positive removed 2026-09-28),HYPOTHESIS: after first French conversations,Tool builds Peppol IDs and lookup links; does not query the Peppol Directory,HIGH: same as OPP-01,Accounting-software partners,HIGH,MEDIUM,CAPPED as OPP-01,Same as OPP-01,GDPR,docs/research/HARD_CURRENCY_NEW_KNOWLEDGE_BPM.md §1; 3 BE targets in MASTER_CLIENT_TARGETS_GLOBAL_2026.csv,Demand confirmation (H15 needs >=3 of 15 conversations),HOLD: open only after 3 French conversations (BPM H15 rule) · after D-300 (PR #2529): part of the single active thesis (fr-be-einvoicing-referential-cleansing); the H15 order still applies
OPP-03,"AI evaluation/rater work on platforms (Mercor, Outlier, Alignerr)",AI labs via talent platforms,USA (remote),Labs need Arabic/French/Darija expert raters,Global rater pool,FACT (published): Outlier Arabic USD 12.50/h; AuraOne USD 48-52/h (report §2 row 3/7); Mercor pays Algeria via Stripe Connect (primary source 2026-08-23),USD 12.50-52/h,LOW: owner skills only,7-30 days (report estimate),None in repo,LOW: application + async English interview,Global rater pool,100% labour; platform keeps its fee,"LOW-MEDIUM: project-dependent, intermittent",CAPPED: hours,Platform acceptance; payout rail re-checked on application day,"Personal income, not company revenue (D-282); outside K3",تقرير-صيد-الفرص-المدفوعة.md §2 rows 3 and 7; .memory/deep_tech_constitution_truth.md (Mercor row),Acceptance; project availability for Arabic,"PARALLEL: funding channel only, not a revenue line · after D-300 (PR #2529): OUTSIDE D-300 — owner personal income, no repository work"
OPP-04,Arabic/French AI red teaming (catalog line 1),AI security teams; model providers; enterprises shipping sensitive AI,USA/EU,Prompt injection and guardrail bypass that fail in English and succeed in AR/FR go undetected,English-only red teams; in-house testing,"FACT (other sellers' list prices): USD 12-18K fixed (S01), USD 35-55K sprint (S02)",PRICING HYPOTHESIS: USD 25K-200K (catalog),HIGH: naas_verifier measured only on its own synthetic targets; no command accepts a customer trace; 2 of 5 exploit classes unpublishable,HYPOTHESIS: 90-180 days,Customer-trace adapter; third-party evidence; human-reviewed GATE_A/B records,"VERY HIGH: enterprise trust, references, security clearance",Established red-team and AI-security firms,HIGH,MEDIUM,MEDIUM,"GATE_0 legal, GATE_A/B evidence",Authorization scope; responsible disclosure; GATE_0_LEGAL ABSENT,naas_verifier CLI: 100% vs 10% on reference targets; studies/market-first-sales-reality/ranking_mf_all_rounds.csv S01/S02,Any buyer interview; performance on a real system,DEFER
OPP-05,Niche RLHF / evaluation data (catalog line 2),Model labs; product companies,USA/EU,General data does not measure AR/FR domain failures,"Scale, Surge, LXT and similar vendors",FACT (other sellers): expert data USD 15-150/h (S11),UNKNOWN,MEDIUM,HYPOTHESIS: 30-90 days,"No dataset, no QA protocol, no rights framework",HIGH,Large data vendors,MEDIUM,MEDIUM,MEDIUM,Data rights and consent,Data rights; privacy,studies/market-first-sales-reality/ranking_mf_all_rounds.csv S11; OFFER_CATALOG.json,Everything commercial,DEFER: overlaps OPP-03 as a contractor
OPP-06,On-premise AI for energy (catalog line 3),Gulf energy and mining companies,Gulf,Sensitive data cannot use cloud AI,Large integrators,UNKNOWN,UNKNOWN,VERY HIGH: no product,HYPOTHESIS: >180 days,No deployable product,VERY HIGH,Large integrators,UNKNOWN,UNKNOWN,UNKNOWN,"Enterprise security, deployment, support",Export and data-residency rules,OFFER_CATALOG.json only,"Buyer, price, scope",DROP for now
OPP-07,Physics-informed AI (catalog line 4),Industrial R&D teams,Global,Costly experiments and slow simulation,In-house R&D; simulation vendors,UNKNOWN,UNKNOWN,VERY HIGH: no code,HYPOTHESIS: >180 days,"No model, no data",VERY HIGH,Simulation vendors,UNKNOWN,UNKNOWN,UNKNOWN,Domain data,IP,OFFER_CATALOG.json only,Everything,DROP for now
OPP-08,Formal verification of AI software (catalog line 5),Regulated sectors,Global,Tests cannot prove critical properties,Formal-methods consultancies,UNKNOWN,UNKNOWN,VERY HIGH: no code,HYPOTHESIS: >180 days,No verification tooling for customer code,VERY HIGH,Formal-methods firms,UNKNOWN,UNKNOWN,UNKNOWN,Tooling,Liability for proof scope,OFFER_CATALOG.json; docs/architecture/NAAS_VERIFICATION_LAYER.md,Everything,DROP for now
OPP-09,EU AI Act evidence pack (catalog line 6),EU deployers of AI systems,EU,"Need inventory, risk classification and evidence under the AI Act",Compliance SaaS; law firms; consultancies,"FACT (other sellers' list prices): EUR 249 Annex IV review (S06); EUR 1,250 assessment (S08); EUR 9.9K-39.9K packages (S07)","PRICING HYPOTHESIS: EUR 249-1,250 entry","MEDIUM: governance know-how exists, no customer template",HYPOTHESIS: 30-90 days,Customer-facing template and evidence format,"HIGH: legal-adjacent, trust",Many compliance SaaS and consultancies,HIGH,MEDIUM,MEDIUM,Qualified legal review,Must not be sold as legal advice,studies/market-first-sales-reality/ranking_mf_all_rounds.csv S06/S07/S08 (TOP10),Buyer interviews; willingness to buy from a non-EU provider,SECOND CANDIDATE: only after OPP-01 proves the channel · after D-300 (PR #2529): FROZEN — reopen only by a written owner decision after an OPP-01 kill criterion fires
OPP-10,High-RPM AI affiliation (catalog line 7),Western content buyers,USA/EU,UNKNOWN,Content agencies,UNKNOWN,UNKNOWN,MEDIUM,UNKNOWN,None,HIGH,Very high,UNKNOWN,UNKNOWN,UNKNOWN,Traffic,Disclosure rules,OFFER_CATALOG.json only,Everything,DROP
OPP-11,CBAM emissions arbitrage for EU importers,"EU importers of Algerian steel, fertiliser, cement",EU,Default values raise CBAM certificate costs,Accredited verifiers; CBAM software; customs brokers,FACT (other sellers): CBAM verification EUR 5K-50K (S52); certificate price EUR 75.28 (S54),"PRICING HYPOTHESIS: EUR 4,500-8,500 per shipment (field guide)","HIGH: customer tool withdrawn 2026-09-28 (0.025 factor, ~71x error; invented plant emissions)",HYPOTHESIS: >90 days,Correct model exists only as research (shared/research/cbam_pin.py); needs real installation data,VERY HIGH,Accredited verifiers,HIGH,MEDIUM,LOW,Plant data partner; accreditation,Actual-emission claims may require accredited verification (UNKNOWN),shared/research/cbam_pin.py; studies/market-first-sales-reality/ranking_mf_all_rounds.csv S52-S55,Data access; accreditation route,DROP from customer path; revisit only with a plant-data partner
OPP-12,ZATCA invoice-chain repair,Saudi accounting firms,Saudi Arabia,Wave-24 penalties for broken Phase-2 chains,ZATCA-certified solution providers,UNKNOWN (no published price in repo),"PRICING HYPOTHESIS: SAR 5,000-15,000 (field guide)",HIGH: tool hashes an invented string and signs nothing,UNKNOWN,"Canonical XML hashing, ECDSA signing, certified onboarding",VERY HIGH,Certified providers,UNKNOWN,UNKNOWN,UNKNOWN,Saudi contracting route,Certification requirements,tools/hard_currency_engine/zatca_validator.py (withdrawn),Contracting and certification,DROP
OPP-13,EAA accessibility audit,EU e-commerce sites,EU,European Accessibility Act applies to online shops,Overlay vendors; accessibility agencies,UNKNOWN,PRICING HYPOTHESIS: EUR 500 (atlas),MEDIUM: regex scanner inadequate; real audit is manual WCAG work,UNKNOWN,"JS rendering, contrast, keyboard testing; honest declaration generator",HIGH,"Heavy (agencies, overlays)",MEDIUM,MEDIUM,LOW,Manual audit skill,Declaration must match real findings,tools/hard_currency_engine/eaa_scanner.py (withdrawn),Demand from this buyer segment,DROP for now
OPP-14,n8n/Make automation builds,SMB owners; small agencies,USA/EU,Manual workflows; lost leads,Upwork freelancers; automation agencies,"FACT (54 real invoices): USD 95-235/h, projects USD 1.8K-26K (S79); agencies USD 5K-50K (S31)",PRICING HYPOTHESIS: USD 1.8K-5K,"MEDIUM: owner skill, nothing in repo",HYPOTHESIS: 30-60 days,None in repo,HIGH: crowded marketplaces,Very high,HIGH,MEDIUM: retainers,CAPPED: hours,Portfolio,Low,"studies/market-first-sales-reality/ranking_mf_all_rounds.csv S31, S79 (TOP10)",Win rate on Upwork from Algeria,ALTERNATE: if OPP-01 is killed · after D-300 (PR #2529): FROZEN — reopen only by a written owner decision after an OPP-01 kill criterion fires
OPP-15,Outcome Attestation for agentic work,Automation builders whose payment waits on client acceptance,EU/USA,Clients do not accept a builder's self-reported outcome; money is held,"Screenshots, demos, internal QA","UNKNOWN: adjacent evidence only (per-resolution billing, milestone acceptance)","PRICING HYPOTHESIS: EUR 300-1,200 (docs/reconstitution/06-economic-engine.md)",MEDIUM: manual service over the existing verify core,HYPOTHESIS: >60 days,"attest CLI not built (by design, not before a deposit)","VERY HIGH: new category, no references",None direct; QA vendors,HIGH,HIGH if structural,MEDIUM,Access to client systems or evidence,Conflict of interest (builder pays the attester),docs/reconstitution/README.md; 11-kill-conditions.md,Whether small builders feel the pain at all,FUTURE OPTION: own kill rule (30 contacts / 6 months) · after D-300 (PR #2529): FROZEN as HYPOTHESIS (D-300 names it)
OPP-16,B2B appointment setting / outbound (US/UK),US/UK B2B founders,USA/UK,Empty sales pipeline,"SDR hires; agencies (Belkins, SalesHive)",FACT (published): USD 150-600 per meeting; agencies USD 3K-9K+/month (docs/CUSTOMER_DISCOVERY_TOP3_AR.md),PRICING HYPOTHESIS: USD 150-250 per meeting,MEDIUM: English outbound skill; no repo asset,HYPOTHESIS: 45-90 days,None in repo,HIGH,Very high,MEDIUM,MEDIUM,CAPPED: hours,English sales skill,CAN-SPAM/GDPR for outreach,docs/CUSTOMER_DISCOVERY_TOP3_AR.md §2,Win rate; quality bar,DROP: no asset advantage
OPP-17,Monthly admin outsourcing for French micro-businesses,"French craftspeople, liberal professions, small agencies",France,Admin backlog too small to justify a hire,Local assistants; online admin services,"FACT (published): EUR 25-60/h; packages EUR 149-1,200/month (report §2 row 2)",EUR 300-900/month (report estimate),LOW,30-45 days (report estimate),None,HIGH: same trust problem as OPP-01,Many local providers,MEDIUM,HIGH: recurring,CAPPED: hours,Same rails as OPP-01,GDPR,"report §2 row 2 (78/100, first backup)",Reply rate,BACKUP: natural exit if the e-invoicing deadline stops mattering · after D-300 (PR #2529): FROZEN — reopen only by a written owner decision after an OPP-01 kill criterion fires
OPP-18,FR<->AR business and technical localization,Localization agencies; SaaS; game studios,Global,Shortage of native Arabic reviewers,Other freelancers,FACT (published): USD 0.08-0.23 per word Arabic (report §2 row 4),"USD 300-2,000 per project (report estimate)",LOW,21-45 days (report estimate),None,MEDIUM,High,MEDIUM,MEDIUM,CAPPED: words/hour,Agency onboarding,Low,report §2 row 4 (66/100),Agency acceptance,BACKUP · after D-300 (PR #2529): FROZEN — reopen only by a written owner decision after an OPP-01 kill criterion fires
OPP-19,E-TAALIM B2C BAC tutoring platform,Algerian students and parents,Algeria,Exam preparation,Private tutors; free chatbots,"DZD only; vouchers built, entitlement gate applied to no route",DZD (not foreign currency),HIGH: no live backend deployment; free-tier model quota,N/A for foreign currency,Paywall not wired; deployment; model costs,N/A,Many local options,UNKNOWN,UNKNOWN,UNKNOWN,Hosting; paid model tier,"Minors: safeguarding, guardian consent",app/deps/billing.py unused; .memory/auth_runtime_truth.md (8 users ever held tokens),Real active users,"FREEZE: not a foreign-currency path · after D-300 (PR #2529): FROZEN by the owner; CI had written 96.4% of production messages (ISS-203/ISS-204), so platform usage figures are not evidence"
